{
    "point": [
        
        },
        
        },
        {
            "id": "3",
            "track": "1",
            "name": "Название точки гео-трека",
            "description": "Описание гео-трека",
            "location": {
                "geo": {
                    "latitude": "55.778299",
                    "longitude": "37.5841413"
                }
            }
        },
        {
            "id": "4",
            "track": "1",
            "name": "Название точки гео-трека",
            "description": "Описание гео-трека",
            "location": {
                "geo": {
                    "latitude": "55.753781",
                    "longitude": "37.6790732"
                }
            }
        },
        {
            "id": "5",
            "track": "1",
            "name": "Название точки гео-трека",
            "description": "описание гео-трека",
            "location": {
                "geo": {
                    "latitude": "55.767828",
                    "longitude": "37.6019213"
                }
            }
        }
    ]
}