{
    "track": [
        {
            "id": 1,
            "name": "Название гео-трека",
            "type": {
                "id": 1,
                "name": "Пешеходный"
            }
        },
        {
            "id": 2,
            "name": "Название гео-трека",
            "type": {
                "id": 2,
                "name": "Автомобильный"
            }
        },
        {
            "id": 3,
            "name": "Название гео-трека",
            "type": {
                "id": 1,
                "name": "Пешеходный"
            }
        }
    ]
}