[
    {
        "id": "actis-glowbite",
        "tabs": [
            {
                "tabId": "actis-tab",
                "tabActive": true,
                "cardId": "actis",
                "name": "Actis Wunderman"
            },
            {
                "tabId": "glowbite-tab",
                "cardId": "glowbite",
                "name": "GlowByte"
            }
        ],
        "cards": [
            {
                "cardId": "actis",
                "logo": "logo-actis.png",
                "description": "Actis Wunderman является одним из ведущих digital-агентств России. На счету компании — более 2000 реализованных проектов для крупнейших компаний самых разных отраслей экономики и более 50 высших наград престижнейших российских и международных фестивалей. Агентство из года в год занимает лидирующие позиции в ключевых отраслевых рейтингах. С 2008 года входит в сеть Wunderman (холдинг WPP).\n В числе клиентов Actis Wunderman — Ford, Masterсard, Electrolux, Nestle, Canon, Citi и другие крупнейшие компании.",
                "site": "https://www.actis.ru",
                "metro": "Курская",
                "adress": "Москва, Нижний Сусальный пер., д. 5, стр. 19",
                "routeGoogle": "https://www.google.com/maps/place/%D0%9D%D0%B8%D0%B6%D0%BD%D0%B8%D0%B9+%D0%A1%D1%83%D1%81%D0%B0%D0%BB%D1%8C%D0%BD%D1%8B%D0%B9+%D0%BF%D0%B5%D1%80.,+5%D1%8119,+%D0%9C%D0%BE%D1%81%D0%BA%D0%B2%D0%B0,+105064/@55.7593488,37.6648937,260m/data=!3m1!1e3!4m5!3m4!1s0x46b54a8e391c84db:0x493ac3771e414488!8m2!3d55.759359!4d37.666006",
                "routePDF": "actis_scheme.pdf",
                "fb": "https://www.facebook.com/wunderman.ru/",
                "vk": "https://vk.com/wunderman",
                "images": [
                    "actis-01.jpg",
                    "actis-02.jpg",
                    "actis-03.jpg",
                    "actis-04.jpg",
                    "actis-06.jpg",
                    "actis-07.jpg"
                ]
            },
            {
                "cardId": "glowbite",
                "hidden": true,
                "logo": "logo_glowbyte.jpg",
                "description": "GlowByte Consulting — один из лидеров в области BI в России и СНГ.\n Компания GlowByte Consulting с 2004 года специализируется на внедрении корпоративных хранилищ данных, систем отчетности и аналитических бизнес-приложений в ведущих российских корпорациях, а также создаёт системы класса Business Intelligence на основе технологий ведущих мировых поставщиков (Oracle, Microsoft, Teradata, SAS, Informatica, EMC). \n Клиенты GlowByte Consulting - это банки, входящие в ТОП-10 банков страны, телекоммуникационные операторы, а также другие успешные российские и международные компании.",
                "site": "http://gbconsulting.ru/",
                "metro": "Курская",
                "adress": "Москва, Нижний Сусальный пер., д. 5, стр. 19",
                "routeGoogle": "https://www.google.com/maps/place/%D0%9D%D0%B8%D0%B6%D0%BD%D0%B8%D0%B9+%D0%A1%D1%83%D1%81%D0%B0%D0%BB%D1%8C%D0%BD%D1%8B%D0%B9+%D0%BF%D0%B5%D1%80.,+5%D1%8119,+%D0%9C%D0%BE%D1%81%D0%BA%D0%B2%D0%B0,+105064/@55.7593488,37.6648937,260m/data=!3m1!1e3!4m5!3m4!1s0x46b54a8e391c84db:0x493ac3771e414488!8m2!3d55.759359!4d37.666006",
                "routePDF": "glowbyte-scheme.pdf",
                "fb": "https://www.facebook.com/glowbyte/",
                "images": [
                    "GlowByte-07.jpg",
                    "GlowByte-02.jpg",
                    "GlowByte-03.jpg",
                    "GlowByte-04.jpg",
                    "GlowByte-05.jpg",
                    "GlowByte-06.jpg",
                    "GlowByte-08.jpg",
                    "GlowByte-09.jpg"
                ]
            }
        ]
    },
    {
        "id": "ibs",
        "cards": [
            {
                "logo": "Logo__ibs.jpg",
                "description": "Компания IBS – ключевой технологический партнер лидеров российского бизнеса и государственных структур. Компания трансформирует знания своей команды и понимание современной экономики в новые решения, помогающие повышать конкурентоспособность и достигать более высоких результатов в цифровую эпоху. \n IBS решает сложные задачи в сфере стратегического развития ИТ-ресурсов организации и повышения эффективности процессов, а также оказывает услуги в области создания систем управления, внедрения бизнес-приложений, проектирования и построения ИТ-инфраструктуры, управления данными и аналитики, системной интеграции, разработки программного обеспечения и уникальных заказных решений, информационной безопасности и аутсорсинга.",
                "site": "https://www.ibs.ru",
                "metro": "Дмитровская",
                "adress": "Москва, Складочная ул. дом 3 строение 1",
                "routeGoogle": "https://www.google.com/maps/place/%D1%83%D0%BB.+%D0%A1%D0%BA%D0%BB%D0%B0%D0%B4%D0%BE%D1%87%D0%BD%D0%B0%D1%8F,+3+%D1%81%D1%82%D1%80%D0%BE%D0%B5%D0%BD%D0%B8%D0%B5+1,+%D0%9C%D0%BE%D1%81%D0%BA%D0%B2%D0%B0,+127018/@55.806085,37.5887562,473m/data=!3m2!1e3!4b1!4m5!3m4!1s0x46b53602d29d55ef:0x59b832af93a7dc29!8m2!3d55.806085!4d37.590883",
                "routePDF": "ibs_scheme.pdf",
                "fb": "https://www.facebook.com/IBS.ru/",
                "vk": "https://vk.com/ru_ibs",
                "images": [
                    "IBS-00.jpeg",
                    "IBS-01.jpg",
                    "IBS-02.jpg",
                    "IBS-03.jpg",
                    "IBS-04.jpg",
                    "IBS-05.jpg"
                ]
            }
        ]
    },
    {
        "id": "deloitte",
        "cards": [
            {
                "logo": "Logo__deloitte.jpg",
                "description": "«Делойт» — международная сеть компаний, которая использует свои обширные отраслевые знания и многолетний опыт работы в различных сферах деятельности более чем в 150 странах мира. Около 245 400 специалистов «Делойта» по всему миру привержены идеям достижения совершенства в предоставлении профессиональных услуг своим клиентам. \n «Делойт» в России является частью компании «Делойт» в Содружестве Независимых Государств (СНГ) и входит в «Делойт Туш Томацу Лимитед» (ДТТЛ). «Делойт» предоставляет услуги в области аудита, налогообложения, консалтинга и корпоративных финансов государственным и частным компаниям, работающим в различных отраслях экономики. Офисы компании действуют в 9 странах СНГ, а также Грузии и Украине, в них работают более 3700 сотрудников.",
                "site": "https://www2.deloitte.com/ru/ru.html",
                "metro": "Белорусская",
                "adress": "Москва, ул. Лесная, 5Б",
                "routeGoogle": "https://www.google.com/maps/place/%D0%94%D0%B5%D0%BB%D0%BE%D0%B9%D1%82/@55.7783083,37.5846071,473m/data=!3m2!1e3!4b1!4m5!3m4!1s0x46b54a51bf3baa6f:0xb6236f6af427e00a!8m2!3d55.7783053!4d37.5867957",
                "routePDF": "deloitte_scheme.pdf",
                "fb": "https://www.facebook.com/DeloitteCIS/",
                "vk": "https://vk.com/deloitte_cis",
                "images": [
                    "Deloitte-02.jpeg",
                    "Deloitte-03.jpeg",
                    "Deloitte-04.jpg",
                    "Deloitte-05.jpg",
                    "Deloitte-06.jpg",
                    "Deloitte-07.jpg"
                ]
            }
        ]
    },
    {
        "id": "krock",
        "cards": [
            {
                "logo": "Logo__crock.png",
                "description": "«КРОК» — российский системный интегратор, оказывающий услуги по ИТ-консалтингу, построению и аутсорсингу ЦОД, созданию облачных инфраструктур, организации call-центров и сетей передачи данных, управлению инженерной и ИТ-инфраструктурами и процессами (ITSM), обеспечению информационной и физической безопасности предприятия. \n В компании трудятся более 2300 человек, технические специалисты имеют свыше 4400 профессиональных сертификатов.",
                "site": "https://croc.ru",
                "metro": "Площадь Ильича",
                "adress": "Москва, Волочаевская, 5к1",
                "routeGoogle": "https://www.google.com/maps/place/%D0%9A%D0%A0%D0%9E%D0%9A/@55.753784,37.6790733,473m/data=!3m2!1e3!4b1!4m5!3m4!1s0x46b54a9651bf8cc5:0x52b130ceb82d8b34!8m2!3d55.753781!4d37.681262",
                "routePDF": "crock_scheme.pdf",
                "fb": "https://www.facebook.com/CrocIncorporated/",
                "images": [
                    "crock-01.jpg",
                    "crock-02.jpg",
                    "crock-03.jpg"
                ]
            }
        ]
    },
    {
        "id": "finam",
        "cards": [
            {
                "logo": "logo__Finam.jpg",
                "description": "АО «ФИНАМ» – один из лидеров российского рынка брокерского обслуживания. Компания занимает ведущие позиции в списке брокеров России по оборотам, числу активных и зарегистрированных клиентов на Московской Бирже, является лидером на рынке фьючерсов и опционов по количеству активных клиентов. Представители компании работают почти в 100 городах России. \n АО «ФИНАМ» оказывает широкий спектр брокерских услуг, рассчитанных на клиентов с различным уровнем капитала. Компания предоставляет прямой доступ на все ведущие российские и зарубежные биржевые площадки и предлагает инвесторам продукты с полной защитой капитала, персональные консультации опытных управляющих, которые повышают эффективность инвестиций.",
                "site": "https://www.finam.ru/",
                "metro": "Пушкинская",
                "adress": "Москва, Настасьинский пер., д.7, строение 2",
                "routeGoogle": "https://www.google.com/maps/place/%D0%9D%D0%B0%D1%81%D1%82%D0%B0%D1%81%D1%8C%D0%B8%D0%BD%D1%81%D0%BA%D0%B8%D0%B9+%D0%BF%D0%B5%D1%80.,+7%D1%812,+%D0%9C%D0%BE%D1%81%D0%BA%D0%B2%D0%B0,+127006/@55.767831,37.6019213,473m/data=!3m2!1e3!4b1!4m5!3m4!1s0x46b54a3f5dcfdb81:0x178c87883c866c80!8m2!3d55.767828!4d37.60411",
                "routePDF": "finam_scheme.pdf",
                "fb": "https://www.facebook.com/finam.ru",
                "vk": "https://vk.com/finam_ru",
                "images": [
                    "finam-08.jpg",
                    "finam-09.jpg",
                    "finam-01.jpg",
                    "finam-02.jpg",
                    "finam-03.jpg",
                    "finam-04.JPG",
                    "finam-05.JPG",
                    "finam-07.jpg",
                    "finam-06.jpg"
                ]
            }
        ]
    },
    {
        "id": "MosArt",
        "cards": [
            {
                "logo": "MosArt-Logo.jpg",
                "description": "«МосАРТ» — это инновационная творческая площадка Государственного бюджетного учреждения культуры города Москвы «Культурный центр «Ивановский». \n Сегодня это многофункциональное пространство, в котором реализованы идеи современного и прогрессивного культурного центра. Площадка «МосАРТ» создана для активных горожан и является местом для свободной творческой самореализации, досуга и общения, а также интеллектуального и физического развития.",
                "site": "http://mosartcentre.ru/",
                "metro": "Новогиреево",
                "adress": "Москва, Свободный пр., дом 19",
                "routeGoogle": "https://www.google.com/maps/place/%D0%A1%D0%B2%D0%BE%D0%B1%D0%BE%D0%B4%D0%BD%D1%8B%D0%B9+%D0%BF%D1%80.,+19,+%D0%9C%D0%BE%D1%81%D0%BA%D0%B2%D0%B0,+111558/@55.759189,37.8185823,476m/data=!3m2!1e3!4b1!4m5!3m4!1s0x414acaef92606179:0x82e69fee740cf39d!8m2!3d55.759186!4d37.820771",
                "routePDF": "MocArt_scheme.pdf",
                "fb": "https://www.facebook.com/mosartcentre",
                "vk": "https://vk.com/mosartcentre",
                "images": [
                    "MosArt-01.jpg",
                    "MosArt-02.jpg",
                    "MosArt-03.jpg",
                    "MosArt-04.jpeg",
                    "MosArt-05.jpg",
                    "MosArt-06.jpg"
                ]
            }
        ]
    },
    {
        "id": "nexTouch",
        "cards": [
            {
                "logo": "Logo__nexTouch.png",
                "description": "«NexTouch» (НэксТач) - российский производитель электронных инновационных продуктов, программного и аппаратного обеспечения. Компания занимается разработкой уникальных IT-мультисенсорных проектов, инновационных образовательных технологий (в том числе для инклюзивного образования), новейшего сенсорного оборудования, дизайнерских решений, инновационной рекламы и выставочного оборудования.",
                "site": "http://nextouch.ru/",
                "metro": "Текстильщики",
                "adress": "Москва, Волгоградский проспект, 42к5, Технополис «Москва»",
                "routeGoogle": "https://www.google.ru/maps/place/%D0%92%D0%BE%D0%BB%D0%B3%D0%BE%D0%B3%D1%80%D0%B0%D0%B4%D1%81%D0%BA%D0%B8%D0%B9+%D0%BF%D1%80.,+42%D0%BA5,+%D0%9C%D0%BE%D1%81%D0%BA%D0%B2%D0%B0,+109548/@55.7082443,37.7219295,17z/data=!3m1!4b1!4m5!3m4!1s0x414ab51efdf6f389:0x6353bab698caf768!8m2!3d55.7082443!4d37.7241182?hl=ru",
                "routePDF": "nextouch-scheme.pdf",
                "fb": "https://www.facebook.com/technomoscow/",
                "vk": "https://vk.com/nextouch",
                "images": [
                    "nexTouch-01.jpg",
                    "nexTouch-02.jpg",
                    "nexTouch-03.jpg"
                ]
            }
        ]
    }
]